CREATE TABLE referencetable (
    predicatesymbol VARCHAR(255) NOT NULL,
    predicatetable VARCHAR(255),
    predicatearity INT NOT NULL,
    predicatehash INT NOT NULL
);

CREATE TABLE table1032996035 (
    term1 VARCHAR(255) NOT NULL,
    termtype1 VARCHAR(255) NOT NULL
);

CREATE TABLE table1044660495 (
    term1 VARCHAR(255) NOT NULL,
    termtype1 VARCHAR(255) NOT NULL
);


CREATE TABLE table1221223955 (
    term1 VARCHAR(255) NOT NULL,
    termtype1 VARCHAR(255) NOT NULL,
    term2 VARCHAR(255) NOT NULL,
    termtype2 VARCHAR(255) NOT NULL,
    term3 VARCHAR(255) NOT NULL,
    termtype3 VARCHAR(255) NOT NULL,
    term4 VARCHAR(255) NOT NULL,
    termtype4 VARCHAR(255) NOT NULL,
    term5 VARCHAR(255) NOT NULL,
    termtype5 VARCHAR(255) NOT NULL
);

CREATE TABLE table1247856648 (
    term1 VARCHAR(255) NOT NULL,
    termtype1 VARCHAR(255) NOT NULL,
    term2 VARCHAR(255) NOT NULL,
    termtype2 VARCHAR(255) NOT NULL
);

CREATE TABLE table1283311849 (
    term1 VARCHAR(255) NOT NULL,
    termtype1 VARCHAR(255) NOT NULL,
    term2 VARCHAR(255) NOT NULL,
    termtype2 VARCHAR(255) NOT NULL
);

CREATE TABLE table1311244450 (
    term1 VARCHAR(255) NOT NULL,
    termtype1 VARCHAR(255) NOT NULL,
    term2 VARCHAR(255) NOT NULL,
    termtype2 VARCHAR(255) NOT NULL
);

CREATE TABLE table1355126062 (
    term1 VARCHAR(255) NOT NULL,
    termtype1 VARCHAR(255) NOT NULL,
    term2 VARCHAR(255) NOT NULL,
    termtype2 VARCHAR(255) NOT NULL
);

CREATE TABLE table1363521246 (
    term1 VARCHAR(255) NOT NULL,
    termtype1 VARCHAR(255) NOT NULL
);

CREATE TABLE table1557967018 (
    term1 VARCHAR(255) NOT NULL,
    termtype1 VARCHAR(255) NOT NULL,
    term2 VARCHAR(255) NOT NULL,
    termtype2 VARCHAR(255) NOT NULL,
    term3 VARCHAR(255) NOT NULL,
    termtype3 VARCHAR(255) NOT NULL
);

CREATE TABLE table1744491643 (
    term1 VARCHAR(255) NOT NULL,
    termtype1 VARCHAR(255) NOT NULL
);

CREATE TABLE table185609811 (
    term1 VARCHAR(255) NOT NULL,
    termtype1 VARCHAR(255) NOT NULL
);

CREATE TABLE table1981303570 (
    term1 VARCHAR(255) NOT NULL,
    termtype1 VARCHAR(255) NOT NULL
);

CREATE TABLE table2074790941 (
    term1 VARCHAR(255) NOT NULL,
    termtype1 VARCHAR(255) NOT NULL,
    term2 VARCHAR(255) NOT NULL,
    termtype2 VARCHAR(255) NOT NULL
);

CREATE TABLE table2117025336 (
    term1 VARCHAR(255) NOT NULL,
    termtype1 VARCHAR(255) NOT NULL,
    term2 VARCHAR(255) NOT NULL,
    termtype2 VARCHAR(255) NOT NULL,
    term3 VARCHAR(255) NOT NULL,
    termtype3 VARCHAR(255) NOT NULL
);

CREATE TABLE table236711512 (
    term1 VARCHAR(255) NOT NULL,
    termtype1 VARCHAR(255) NOT NULL
);

CREATE TABLE table403647109 (
    term1 VARCHAR(255) NOT NULL,
    termtype1 VARCHAR(255) NOT NULL
);

CREATE TABLE table449824519 (
    term1 VARCHAR(255) NOT NULL,
    termtype1 VARCHAR(255) NOT NULL,
    term2 VARCHAR(255) NOT NULL,
    termtype2 VARCHAR(255) NOT NULL,
    term3 VARCHAR(255) NOT NULL,
    termtype3 VARCHAR(255) NOT NULL
);

CREATE TABLE table654586929 (
    term1 VARCHAR(255) NOT NULL,
    termtype1 VARCHAR(255) NOT NULL,
    term2 VARCHAR(255) NOT NULL,
    termtype2 VARCHAR(255) NOT NULL
);

CREATE TABLE table844942239 (
    term1 VARCHAR(255) NOT NULL,
    termtype1 VARCHAR(255) NOT NULL,
    term2 VARCHAR(255) NOT NULL,
    termtype2 VARCHAR(255) NOT NULL,
    term3 VARCHAR(255) NOT NULL,
    termtype3 VARCHAR(255) NOT NULL
);

CREATE TABLE table965294493 (
    term1 VARCHAR(255) NOT NULL,
    termtype1 VARCHAR(255) NOT NULL,
    term2 VARCHAR(255) NOT NULL,
    termtype2 VARCHAR(255) NOT NULL
);

CREATE TABLE table979544256 (
    term1 VARCHAR(255) NOT NULL,
    termtype1 VARCHAR(255) NOT NULL
);

INSERT INTO referencetable (predicatesymbol, predicatetable, predicatearity, predicatehash) VALUES ('http://www.wsmo.org/wsml/wsml-syntax/extensions#wsml_is_declared_iri', 'table1744491643', 1, -1744491643);
INSERT INTO referencetable (predicatesymbol, predicatetable, predicatearity, predicatehash) VALUES ('wsml-member-of', 'table965294493', 2, -965294493);
INSERT INTO referencetable (predicatesymbol, predicatetable, predicatearity, predicatehash) VALUES ('wsml-subconcept-of', 'table2074790941', 2, 2074790941);
INSERT INTO referencetable (predicatesymbol, predicatetable, predicatearity, predicatehash) VALUES ('http://www.wsmo.org/reasoner/ATTR_OFTYPE', 'table1221223955', 5, -1221223955);
INSERT INTO referencetable (predicatesymbol, predicatetable, predicatearity, predicatehash) VALUES ('wsml-has-value', 'table2117025336', 3, -2117025336);
INSERT INTO referencetable (predicatesymbol, predicatetable, predicatearity, predicatehash) VALUES ('http://temp/direct/memberOf', 'table654586929', 2, 654586929);
INSERT INTO referencetable (predicatesymbol, predicatetable, predicatearity, predicatehash) VALUES ('http://temp/indirect/memberOf', 'table1247856648', 2, -1247856648);
INSERT INTO referencetable (predicatesymbol, predicatetable, predicatearity, predicatehash) VALUES ('http://temp/indirect/subConceptOf', 'table1311244450', 2, -1311244450);
INSERT INTO referencetable (predicatesymbol, predicatetable, predicatearity, predicatehash) VALUES ('UNEQUAL', 'table1355126062', 2, -1355126062);
INSERT INTO referencetable (predicatesymbol, predicatetable, predicatearity, predicatehash) VALUES ('http://www.wsmo.org/reasoner/VIOLATION', '', 0, -1868532058);
INSERT INTO referencetable (predicatesymbol, predicatetable, predicatearity, predicatehash) VALUES ('http://www.wsmo.org/reasoner/MIN_CARD', 'table449824519', 3, -449824519);
INSERT INTO referencetable (predicatesymbol, predicatetable, predicatearity, predicatehash) VALUES ('http://www.wsmo.org/reasoner/NAMED_USER', 'table403647109', 1, -403647109);
INSERT INTO referencetable (predicatesymbol, predicatetable, predicatearity, predicatehash) VALUES ('http://temp/direct/subConceptOf', 'table1283311849', 2, -1283311849);
INSERT INTO referencetable (predicatesymbol, predicatetable, predicatearity, predicatehash) VALUES ('http://www.wsmo.org/reasoner/MAX_CARD', 'table844942239', 3, 844942239);
INSERT INTO referencetable (predicatesymbol, predicatetable, predicatearity, predicatehash) VALUES ('http://www.wsmo.org/reasoner/UNNAMED_USER', 'table236711512', 1, 236711512);
INSERT INTO referencetable (predicatesymbol, predicatetable, predicatearity, predicatehash) VALUES ('wsml-implies-type', 'table1557967018', 3, -1557967018);
INSERT INTO referencetable (predicatesymbol, predicatetable, predicatearity, predicatehash) VALUES ('ISBOOLEAN', 'table979544256', 1, 979544256);
INSERT INTO referencetable (predicatesymbol, predicatetable, predicatearity, predicatehash) VALUES ('ISDECIMAL', 'table185609811', 1, -185609811);
INSERT INTO referencetable (predicatesymbol, predicatetable, predicatearity, predicatehash) VALUES ('ISSTRING', 'table1044660495', 1, -1044660495);
INSERT INTO referencetable (predicatesymbol, predicatetable, predicatearity, predicatehash) VALUES ('ISDATETIME', 'table1032996035', 1, 1032996035);
INSERT INTO referencetable (predicatesymbol, predicatetable, predicatearity, predicatehash) VALUES ('ISINT', 'table1981303570', 1, -1981303570);
INSERT INTO referencetable (predicatesymbol, predicatetable, predicatearity, predicatehash) VALUES ('ISDATE', 'table1363521246', 1, -1363521246);

INSERT INTO table1283311849 (term1, termtype1, term2, termtype2) VALUES ('http://simple#Graham', 'org.deri.iris.terms.concrete.Iri', 'http://simple#Graham', 'org.deri.iris.terms.concrete.Iri');
INSERT INTO table1283311849 (term1, termtype1, term2, termtype2) VALUES ('http://simple#Human', 'org.deri.iris.terms.concrete.Iri', 'http://simple#Human', 'org.deri.iris.terms.concrete.Iri');
INSERT INTO table1283311849 (term1, termtype1, term2, termtype2) VALUES ('http://simple#Man', 'org.deri.iris.terms.concrete.Iri', 'http://simple#Man', 'org.deri.iris.terms.concrete.Iri');
INSERT INTO table1283311849 (term1, termtype1, term2, termtype2) VALUES ('http://simple#Marge', 'org.deri.iris.terms.concrete.Iri', 'http://simple#Marge', 'org.deri.iris.terms.concrete.Iri');
INSERT INTO table1283311849 (term1, termtype1, term2, termtype2) VALUES ('http://simple#hasDate', 'org.deri.iris.terms.concrete.Iri', 'http://simple#hasDate', 'org.deri.iris.terms.concrete.Iri');
INSERT INTO table1283311849 (term1, termtype1, term2, termtype2) VALUES ('http://simple#hasName', 'org.deri.iris.terms.concrete.Iri', 'http://simple#hasName', 'org.deri.iris.terms.concrete.Iri');

INSERT INTO table1744491643 (term1, termtype1) VALUES ('http://simple#Human', 'org.deri.iris.terms.concrete.Iri');
INSERT INTO table1744491643 (term1, termtype1) VALUES ('http://simple#hasName', 'org.deri.iris.terms.concrete.Iri');
INSERT INTO table1744491643 (term1, termtype1) VALUES ('http://simple#Graham', 'org.deri.iris.terms.concrete.Iri');
INSERT INTO table1744491643 (term1, termtype1) VALUES ('http://simple#Marge', 'org.deri.iris.terms.concrete.Iri');
INSERT INTO table1744491643 (term1, termtype1) VALUES ('http://simple#hasDate', 'org.deri.iris.terms.concrete.Iri');
INSERT INTO table1744491643 (term1, termtype1) VALUES ('http://simple#Man', 'org.deri.iris.terms.concrete.Iri');

INSERT INTO table2074790941 (term1, termtype1, term2, termtype2) VALUES ('http://simple#Graham', 'org.deri.iris.terms.concrete.Iri', 'http://simple#Graham', 'org.deri.iris.terms.concrete.Iri');
INSERT INTO table2074790941 (term1, termtype1, term2, termtype2) VALUES ('http://simple#Human', 'org.deri.iris.terms.concrete.Iri', 'http://simple#Human', 'org.deri.iris.terms.concrete.Iri');
INSERT INTO table2074790941 (term1, termtype1, term2, termtype2) VALUES ('http://simple#Man', 'org.deri.iris.terms.concrete.Iri', 'http://simple#Man', 'org.deri.iris.terms.concrete.Iri');
INSERT INTO table2074790941 (term1, termtype1, term2, termtype2) VALUES ('http://simple#Marge', 'org.deri.iris.terms.concrete.Iri', 'http://simple#Marge', 'org.deri.iris.terms.concrete.Iri');
INSERT INTO table2074790941 (term1, termtype1, term2, termtype2) VALUES ('http://simple#hasDate', 'org.deri.iris.terms.concrete.Iri', 'http://simple#hasDate', 'org.deri.iris.terms.concrete.Iri');
INSERT INTO table2074790941 (term1, termtype1, term2, termtype2) VALUES ('http://simple#hasName', 'org.deri.iris.terms.concrete.Iri', 'http://simple#hasName', 'org.deri.iris.terms.concrete.Iri');

INSERT INTO table2117025336 (term1, termtype1, term2, termtype2, term3, termtype3) VALUES ('http://simple#Marge', 'org.deri.iris.terms.concrete.Iri', 'http://simple#hasName', 'org.deri.iris.terms.concrete.Iri', 'marge', 'org.deri.iris.terms.StringTerm');
INSERT INTO table2117025336 (term1, termtype1, term2, termtype2, term3, termtype3) VALUES ('http://simple#Graham', 'org.deri.iris.terms.concrete.Iri', 'http://simple#hasDate', 'org.deri.iris.terms.concrete.Iri', '1976-08-16Z', 'org.deri.iris.terms.concrete.DateTerm');
INSERT INTO table2117025336 (term1, termtype1, term2, termtype2, term3, termtype3) VALUES ('http://simple#Marge', 'org.deri.iris.terms.concrete.Iri', 'http://simple#hasDate', 'org.deri.iris.terms.concrete.Iri', '1976-08-15Z', 'org.deri.iris.terms.concrete.DateTerm');
INSERT INTO table2117025336 (term1, termtype1, term2, termtype2, term3, termtype3) VALUES ('http://simple#Graham', 'org.deri.iris.terms.concrete.Iri', 'http://simple#hasName', 'org.deri.iris.terms.concrete.Iri', 'Graham', 'org.deri.iris.terms.StringTerm');

INSERT INTO table654586929 (term1, termtype1, term2, termtype2) VALUES ('Graham', 'org.deri.iris.terms.StringTerm', 'http://www.wsmo.org/wsml/wsml-syntax#string', 'org.deri.iris.terms.concrete.Iri');
INSERT INTO table654586929 (term1, termtype1, term2, termtype2) VALUES ('marge', 'org.deri.iris.terms.StringTerm', 'http://www.wsmo.org/wsml/wsml-syntax#string', 'org.deri.iris.terms.concrete.Iri');
INSERT INTO table654586929 (term1, termtype1, term2, termtype2) VALUES ('http://simple#Graham', 'org.deri.iris.terms.concrete.Iri', 'http://simple#Man', 'org.deri.iris.terms.concrete.Iri');
INSERT INTO table654586929 (term1, termtype1, term2, termtype2) VALUES ('http://simple#Marge', 'org.deri.iris.terms.concrete.Iri', 'http://simple#Human', 'org.deri.iris.terms.concrete.Iri');
INSERT INTO table654586929 (term1, termtype1, term2, termtype2) VALUES ('1976-08-15Z', 'org.deri.iris.terms.concrete.DateTerm', 'http://www.wsmo.org/wsml/wsml-syntax#date', 'org.deri.iris.terms.concrete.Iri');
INSERT INTO table654586929 (term1, termtype1, term2, termtype2) VALUES ('1976-08-16Z', 'org.deri.iris.terms.concrete.DateTerm', 'http://www.wsmo.org/wsml/wsml-syntax#date', 'org.deri.iris.terms.concrete.Iri');

INSERT INTO table965294493 (term1, termtype1, term2, termtype2) VALUES ('http://simple#Graham', 'org.deri.iris.terms.concrete.Iri', 'http://simple#Man', 'org.deri.iris.terms.concrete.Iri');
INSERT INTO table965294493 (term1, termtype1, term2, termtype2) VALUES ('http://simple#Marge', 'org.deri.iris.terms.concrete.Iri', 'http://simple#Human', 'org.deri.iris.terms.concrete.Iri');
INSERT INTO table965294493 (term1, termtype1, term2, termtype2) VALUES ('Graham', 'org.deri.iris.terms.StringTerm', 'http://www.wsmo.org/wsml/wsml-syntax#string', 'org.deri.iris.terms.concrete.Iri');
INSERT INTO table965294493 (term1, termtype1, term2, termtype2) VALUES ('marge', 'org.deri.iris.terms.StringTerm', 'http://www.wsmo.org/wsml/wsml-syntax#string', 'org.deri.iris.terms.concrete.Iri');
INSERT INTO table965294493 (term1, termtype1, term2, termtype2) VALUES ('1976-08-15Z', 'org.deri.iris.terms.concrete.DateTerm', 'http://www.wsmo.org/wsml/wsml-syntax#date', 'org.deri.iris.terms.concrete.Iri');
INSERT INTO table965294493 (term1, termtype1, term2, termtype2) VALUES ('1976-08-16Z', 'org.deri.iris.terms.concrete.DateTerm', 'http://www.wsmo.org/wsml/wsml-syntax#date', 'org.deri.iris.terms.concrete.Iri');